函数名(Name),单次占用内存(OnceMemory/KB),均次占用内存(KB),单次耗时(S),均次耗时(S),执行次数
Test.Start,3.9219,3.9219,0.001466751,0.001466751,1
Test1.each,0.9766,0.9766,0.0007152557,0.0007152557,1
Test2.each,0.9766,0.9818,5.316734E-05,7.557869E-05,3
